<?xml version="1.0" encoding="UTF-8" ?>
<!DOCTYPE struts PUBLIC
	"-//Apache Software Foundation//DTD Struts Configuration 2.3//EN"
	"http://struts.apache.org/dtds/struts-2.3.dtd">

<struts>
	<package name="user-action" namespace="/nsfw" extends="struts-default">
		<action name="user_*" class="cn.itcast.nsfw.user.action.UserAction" method="{1}">
			<result name="{1}">/WEB-INF/jsp/nsfw/user/{1}.jsp</result>
			<result name="list" type="redirectAction">
				<param name="actionName">user_listUI</param>
			</result>
			
		</action>
	</package>

</struts>
