<?xml version="1.0" encoding="UTF-8" ?>
<!DOCTYPE struts PUBLIC
	"-//Apache Software Foundation//DTD Struts Configuration 2.3//EN"
	"http://struts.apache.org/dtds/struts-2.3.dtd">

<struts>
	<!-- 禁用动态方法访问 -->
	<constant name="struts.enable.DynamicMethodInvocation" value="false" />
	<!-- 配置成开发模式 -->
	<constant name="struts.devMode" value="true" />
	<!-- 配置拓展名为action -->
	<constant name="struts.action.extention" value="action" />
	<!-- 把主题配置成simple -->
	<constant name="struts.ui.theme" value="simple" />
	
	<!-- 包含test的struts配置文件 -->
	<include file="cn/itcast/test/conf/test-struts.xml"></include>
	<!-- 包含用户管理的struts配置文件 -->
	<include file="cn/itcast/nsfw/user/conf/user-struts.xml"></include>

</struts>
