<?xml version="1.0" encoding="utf-8"?>
<!DOCTYPE hibernate-mapping PUBLIC "-//Hibernate/Hibernate Mapping DTD 3.0//EN"
"http://hibernate.sourceforge.net/hibernate-mapping-3.0.dtd">

<hibernate-mapping>
	<class name="cn.itcast.nsfw.user.entity.User" table="user">
		<id name="id" type="java.lang.String">
			<column name="id" length="32" />
			<generator class="uuid.hex" />
		</id>
		<property name="name" type="java.lang.String">
			<column name="name" length="20" not-null="true" />
		</property>
		<property name="dept" type="java.lang.String">
			<column name="dept" length="20" not-null="true" />
		</property>		
		<property name="account" type="java.lang.String">
			<column name="account" length="50" not-null="true" />
		</property>
		<property name="password" type="java.lang.String">
			<column name="password" length="50" not-null="true" />
		</property>
		<property name="headImg" type="java.lang.String">
			<column name="headImg" length="100" />
		</property>
		<property name="gender" type="java.lang.Boolean">
			<column name="gender" />
		</property>
		<property name="email" type="java.lang.String">
			<column name="email" length="50" />
		</property>
		<property name="mobile" type="java.lang.String">
			<column name="mobile" length="20" />
		</property>
		<property name="birthday" type="java.util.Date">
			<column name="birthday" length="10" />
		</property>
		<property name="state" type="java.lang.String">
			<column name="state" length="1" />
		</property>
		<property name="memo" type="java.lang.String">
			<column name="memo" length="200" />
		</property>
	</class>

</hibernate-mapping>
	